{"custom_metrics": {}, "episode_media": {}, "info": {"learner": {"seeker_policy": {"learner_stats": {"allreduce_latency": 0.0, "grad_gnorm": 0.5, "cur_kl_coeff": 0.19999999999999998, "cur_lr": 0.0003, "total_loss": 2.0181637831032275, "policy_loss": -0.00905834738514386, "vf_loss": 4.251937491446734, "vf_explained_var": 0.32955956254154445, "kl": 0.004356015938415681, "entropy": 9.96178142130375, "entropy_coeff": 0.009999999999999998}, "model": {}, "custom_metrics": {}, "num_agent_steps_trained": 125.0, "num_grad_updates_lifetime": 160.5, "diff_num_grad_updates_vs_sampler_policy": 159.5}, "hider_policy": {"learner_stats": {"allreduce_latency": 0.0, "grad_gnorm": 0.4993660230958272, "cur_kl_coeff": 0.19999999999999998, "cur_lr": 0.00030000000000000003, "total_loss": 2.785385527686467, "policy_loss": -0.004613851089148768, "vf_loss": 5.778072215261913, "vf_explained_var": 0.20033657323746454, "kl": 0.003106009320334933, "entropy": 9.965793176681276, "entropy_coeff": 0.01}, "model": {}, "custom_metrics": {}, "num_agent_steps_trained": 126.98412698412699, "num_grad_updates_lifetime": 315.5, "diff_num_grad_updates_vs_sampler_policy": 314.5}}, "num_env_steps_sampled": 4000, "num_env_steps_trained": 4000, "num_agent_steps_sampled": 12000, "num_agent_steps_trained": 12000}, "env_runners": {"episode_reward_max": 244.89000000000055, "episode_reward_min": 195.09000000000023, "episode_reward_mean": 216.84862068965546, "episode_len_mean": 135.0, "episode_media": {}, "episodes_timesteps_total": 3915, "policy_reward_min": {"seeker_policy": 5.879999999999968, "hider_policy": 65.38}, "policy_reward_max": {"seeker_policy": 58.17999999999997, "hider_policy": 124.83000000000035}, "policy_reward_mean": {"seeker_policy": 35.39379310344829, "hider_policy": 90.72741379310355}, "custom_metrics": {}, "hist_stats": {"episode_reward": [202.23999999999901, 244.89000000000055, 241.14000000000053, 231.6400000000005, 241.94000000000048, 244.3900000000004, 213.19000000000045, 201.64000000000024, 239.84000000000054, 238.64000000000053, 243.64000000000033, 234.89000000000013, 201.6900000000003, 211.1900000000004, 213.6400000000004, 206.69000000000037, 204.14000000000033, 200.64000000000038, 211.84000000000046, 208.19000000000034, 211.04000000000042, 202.09000000000026, 229.1400000000005, 195.09000000000023, 205.54000000000025, 201.7900000000003, 203.09000000000037, 199.6400000000003, 205.09000000000037], "episode_lengths": [135, 135, 135, 135, 135, 135, 135, 135, 135, 135, 135, 135, 135, 135, 135, 135, 135, 135, 135, 135, 135, 135, 135, 135, 135, 135, 135, 135, 135], "policy_seeker_policy_reward": [40.48000000000005, 6.179999999999973, 10.480000000000054, 17.679999999999907, 9.58000000000005, 8.079999999999973, 39.37999999999996, 51.28000000000004, 11.48000000000004, 12.180000000000053, 5.879999999999968, 16.08000000000004, 52.48000000000005, 41.48000000000001, 41.88000000000001, 45.180000000000014, 48.78000000000002, 53.48000000000007, 40.07999999999996, 46.680000000000014, 43.38000000000003, 48.78000000000005, 24.57999999999996, 58.17999999999997, 50.17999999999999, 52.58000000000003, 49.780000000000015, 52.480000000000025, 47.68], "policy_hider_policy_reward": [80.87999999999998, 80.87999999999998, 114.1800000000002, 124.53000000000029, 118.68000000000032, 111.98000000000016, 93.38000000000001, 120.5800000000003, 116.03000000000017, 116.33000000000024, 116.08000000000018, 120.23000000000022, 81.7800000000001, 92.03000000000016, 79.27999999999997, 71.07999999999994, 108.03000000000016, 120.33000000000024, 107.78000000000011, 118.68000000000032, 122.08000000000018, 115.68000000000009, 115.68000000000009, 103.12999999999997, 83.8300000000001, 65.38000000000001, 87.93000000000013, 81.78000000000009, 85.88000000000011, 85.88000000000011, 85.88000000000011, 75.63000000000005, 73.58000000000006, 81.7800000000001, 67.43000000000002, 79.73000000000008, 100.23000000000022, 71.53000000000004, 77.68000000000008, 83.83000000000011, 71.53000000000004, 96.13000000000018, 77.68000000000009, 75.63000000000007, 79.73000000000008, 124.83000000000035, 71.53000000000003, 65.38, 79.73000000000009, 75.63000000000007, 69.48000000000003, 79.73000000000009, 83.83000000000011, 69.48000000000003, 67.43000000000002, 79.73000000000006, 75.63000000000007, 81.7800000000001]}, "sampler_perf": {"mean_raw_obs_processing_ms": 3.6807380238642415, "mean_inference_ms": 1.6900640939122828, "mean_action_processing_ms": 0.2641014622557434, "mean_env_wait_ms": 17.00151714495616, "mean_env_render_ms": 0.0}, "num_faulty_episodes": 0, "connector_metrics": {"ObsPreprocessorConnector_ms": 0.005047485746186355, "StateBufferConnector_ms": 0.004850995951685412, "ViewRequirementAgentConnector_ms": 0.13656205144421807}, "num_episodes": 29, "episode_return_max": 244.89000000000055, "episode_return_min": 195.09000000000023, "episode_return_mean": 216.84862068965546, "episodes_this_iter": 29}, "num_healthy_workers": 0, "actor_manager_num_outstanding_async_reqs": 0, "num_remote_worker_restarts": 0, "num_agent_steps_sampled": 12000, "num_agent_steps_trained": 12000, "num_env_steps_sampled": 4000, "num_env_steps_trained": 4000, "num_env_steps_sampled_this_iter": 4000, "num_env_steps_trained_this_iter": 4000, "num_env_steps_sampled_throughput_per_sec": 43.25380381137238, "num_env_steps_trained_throughput_per_sec": 43.25380381137238, "timesteps_total": 4000, "num_env_steps_sampled_lifetime": 4000, "num_agent_steps_sampled_lifetime": 12000, "num_steps_trained_this_iter": 4000, "agent_timesteps_total": 12000, "timers": {"training_iteration_time_ms": 92477.426, "restore_workers_time_ms": 0.01, "training_step_time_ms": 92477.395, "sample_time_ms": 90673.894, "learn_time_ms": 1803.278, "learn_throughput": 2218.182, "synch_weights_time_ms": 0.002}, "counters": {"num_env_steps_sampled": 4000, "num_env_steps_trained": 4000, "num_agent_steps_sampled": 12000, "num_agent_steps_trained": 12000}, "done": false, "training_iteration": 1, "trial_id": "default", "date": "2025-10-13_02-05-11", "timestamp": 1760335511, "time_this_iter_s": 92.47772812843323, "time_total_s": 92.47772812843323, "pid": 40109, "hostname": "Mac.attlocal.net", "node_ip": "127.0.0.1", "config": {"exploration_config": {"type": "StochasticSampling"}, "extra_python_environs_for_driver": {}, "extra_python_environs_for_worker": {}, "placement_strategy": "PACK", "num_gpus": 0, "_fake_gpus": false, "num_cpus_for_main_process": 1, "eager_tracing": true, "eager_max_retraces": 20, "tf_session_args": {"intra_op_parallelism_threads": 2, "inter_op_parallelism_threads": 2, "gpu_options": {"allow_growth": true}, "log_device_placement": false, "device_count": {"CPU": 1}, "allow_soft_placement": true}, "local_tf_session_args": {"intra_op_parallelism_threads": 8, "inter_op_parallelism_threads": 8}, "torch_compile_learner": false, "torch_compile_learner_what_to_compile": "forward_train", "torch_compile_learner_dynamo_backend": "aot_eager", "torch_compile_learner_dynamo_mode": null, "torch_compile_worker": false, "torch_compile_worker_dynamo_backend": "aot_eager", "torch_compile_worker_dynamo_mode": null, "torch_ddp_kwargs": {}, "torch_skip_nan_gradients": false, "env": "<class 'ppo_trainer.RLlibMinecraftEnv'>", "env_config": {"environment": {"observation_size": 94, "action_space_type": "continuous", "continuous_actions": {"movement_forward": [-1.0, 1.0], "movement_strafe": [-1.0, 1.0], "rotation": [-1.0, 1.0], "look": [-1.0, 1.0], "jump": [0.0, 1.0], "place_block": [0.0, 1.0], "remove_block": [0.0, 1.0]}, "max_steps": 150, "rewards": {"seeker_visibility": 1.0, "hider_hidden": 1.0, "hider_seen": -1.0, "exploration": 0.1, "stationary": 0.05, "time_penalty": -0.001, "seeker_success": 10.0, "seeker_failure": -5.0, "hider_survival": 10.0, "hider_caught": -5.0}}, "ppo": {"lr_seeker": 0.0003, "lr_hider": 0.0003, "gamma": 0.99, "lambda": 0.95, "clip_param": 0.2, "vf_loss_coeff": 0.5, "entropy_coeff": 0.01, "train_batch_size": 4000, "minibatch_size": 128, "num_epochs": 10, "grad_clip": 0.5, "kl_coeff": 0.2,